{"initial_reset_timestamp": 1607715381.3502057, "timestamps": [1607715383.1131563], "episode_lengths": [86], "episode_rewards": [-541.8662163447277], "episode_types": ["t"]}