{"initial_reset_timestamp": 1607877305.5987427, "timestamps": [1607877309.3030493, 1607877309.9383194, 1607877310.2327948, 1607877310.5231497, 1607877310.7545834, 1607877311.0750315, 1607877313.7870443, 1607877314.3284183, 1607877314.6488345, 1607877314.9303963, 1607877315.341113, 1607877318.4311318, 1607877318.644015, 1607877319.079762, 1607877319.4840918, 1607877319.8595984, 1607877322.845131, 1607877323.0648737, 1607877323.2960675, 1607877323.514667, 1607877323.7468164, 1607877326.0225081, 1607877326.3274984, 1607877326.688283, 1607877326.9155717], "episode_lengths": [257, 288, 220, 214, 171, 238, 237, 414, 243, 214, 313, 166, 163, 335, 310, 290, 293, 168, 176, 167, 179, 182, 238, 281, 176], "episode_rewards": [2.0, 2.0, 1.0, 1.0, 0.0, 1.0, 1.0, 5.0, 2.0, 1.0, 2.0, 0.0, 0.0, 3.0, 2.0, 2.0, 2.0, 0.0, 0.0, 0.0, 0.0, 0.0, 1.0, 2.0, 0.0], "episode_types": ["t", "t", "t", "t", "t", "t", "t", "t", "t", "t", "t", "t", "t", "t", "t", "t", "t", "t", "t", "t", "t", "t", "t", "t", "t", "t"]}