{"initial_reset_timestamp": 1607574610.880408, "timestamps": [1607574613.4108915, 1607574648.8611028], "episode_lengths": [131, 107], "episode_rewards": [-229.11989486142338, -127.25895335714065], "episode_types": ["t", "t"]}